"Month","Sales_Forecast","Forecasted_Errors","Final_Sales_Forecast_Data"
1954-01-01,1147.15,-129.188668993557,1018
1954-02-01,1091.75,-107.036616028456,985
1954-03-01,1174.95,-88.8920591427207,1086
1954-04-01,1330.95,-74.030007977606,1257
1954-05-01,1490.15,-61.8566291386804,1428
1954-06-01,1618.15,-51.8855187778276,1566
1954-07-01,1646.15,-43.7182676683499,1602
1954-08-01,1707.95,-37.0285422244165,1671
1954-09-01,1705.95,-31.5490454004146,1674
1954-10-01,1655.15,-27.0608364752672,1628
1954-11-01,1420.95,-23.384582979228,1398
1954-12-01,1260.95,-20.3733952220323,1241
